Start,End,Time in bed,Heart rate,Activity (steps),Sleep score,睡眠质量（好，一般，不好）
2014/12/29--22:57:00,2014/12/30--7:30:00,8:32,59,4107,100%,
2014/12/30--21:17:00,2014/12/30--21:33:00,0:16,72,18019,3%,
2014/12/30--22:42:00,2014/12/31--7:13:00,8:30,57,14783,98%,
2014/12/31--22:31:00,2015/1/1--6:03:00,7:32,67,7788,65%,
2015/1/1--22:12:00,2015/1/2--4:56:00,6:44,68,13795,72%,
2015/1/3--0:34:00,2015/1/3--7:47:00,7:12,60,7981,83%,
2015/1/4--0:23:00,2015/1/4--7:37:00,7:14,68,15942,78%,
2015/1/4--21:34:00,2015/1/5--4:53:00,7:18,57,12419,78%,
2015/1/5--21:32:00,2015/1/6--5:00:00,7:27,56,14320,69%,
2015/1/6--21:24:00,2015/1/7--5:00:00,7:35,64,5374,74%,
2015/1/7--20:59:00,2015/1/8--6:19:00,9:19,62,5122,81%,
2015/1/8--22:58:00,2015/1/9--6:14:00,7:16,58,10924,88%,
2015/1/9--22:27:00,2015/1/10--7:29:00,9:01,65,15811,77%,
2015/1/10--22:38:00,2015/1/11--7:28:00,8:50,65,7134,89%,
2015/1/11--22:12:00,2015/1/12--6:20:00,8:08,53,15057,78%,
2015/1/12--21:01:00,2015/1/13--6:13:00,9:11,65,11771,100%,
2015/1/13--22:14:00,2015/1/14--6:20:00,8:06,55,12655,100%,
2015/1/14--21:48:00,2015/1/15--5:02:00,7:13,60,7175,88%,
2015/1/15--21:32:00,2015/1/16--4:54:00,7:22,60,7781,87%,
2015/1/17--2:11:00,2015/1/17--9:03:00,6:51,94,14615,83%,
2015/1/17--23:55:00,2015/1/18--7:47:00,7:51,57,9532,93%,
2015/1/18--21:51:00,2015/1/19--5:04:00,7:12,67,12958,58%,
2015/1/19--5:06:00,2015/1/19--6:20:00,1:13,58,18293,16%,
2015/1/19--21:45:00,2015/1/20--5:45:00,8:00,54,6661,75%,
2015/1/20--21:42:00,2015/1/21--5:45:00,8:02,60,2271,80%,
2015/1/21--22:34:00,2015/1/22--6:17:00,7:42,75,2479,87%,
2015/1/25--20:55:00,2015/1/26--6:14:00,9:19,58,14696,87%,
2015/1/26--22:36:00,2015/1/27--6:11:00,7:35,66,18845,83%,
2015/1/28--21:43:00,2015/1/29--5:20:00,7:37,57,12023,76%,
2015/1/29--22:23:00,2015/1/30--5:29:00,7:05,63,18518,67%,
2015/1/31--0:13:00,2015/1/31--8:17:00,8:03,62,16347,93%,
2015/2/1--21:55:00,2015/2/2--5:09:00,7:13,56,10670,64%,
2015/2/2--22:30:00,2015/2/3--6:20:00,7:49,61,1072,75%,
2015/2/3--22:47:00,2015/2/4--6:20:00,7:32,61,13488,72%,
2015/2/4--23:03:00,2015/2/5--6:10:00,7:07,57,8931,70%,
2015/2/8--22:30:00,2015/2/9--6:48:00,8:17,61,7671,89%,
2015/2/9--21:55:00,2015/2/10--6:13:00,8:17,58,18518,85%,
2015/2/10--22:20:00,2015/2/11--6:20:00,8:00,60,19145,59%,
2015/2/11--21:53:00,2015/2/12--5:30:00,7:36,57,16989,67%,
2015/2/12--22:34:00,2015/2/13--5:24:00,6:49,53,1085,69%,
2015/2/15--22:16:00,2015/2/16--5:20:00,7:04,60,3588,74%,
2015/2/17--0:02:00,2015/2/17--6:16:00,6:13,65,3227,78%,
2015/2/17--22:20:00,2015/2/18--5:05:00,6:45,55,6208,70%,
2015/2/19--22:39:00,2015/2/20--6:20:00,7:40,66,6238,77%,
2015/2/21--0:31:00,2015/2/21--7:32:00,7:00,55,17084,72%,
2015/2/21--22:54:00,2015/2/22--7:49:00,8:55,56,14472,92%,
2015/2/22--22:18:00,2015/2/23--6:20:00,8:02,60,7252,87%,
2015/2/24--22:30:00,2015/2/25--6:20:00,7:49,62,8446,69%,
2015/2/26--1:22:00,2015/2/26--7:16:00,5:54,0,19293,65%,
2015/2/26--21:42:00,2015/2/27--5:37:00,7:54,61,3025,90%,
2015/3/1--20:14:00,2015/3/2--5:44:00,9:29,62,12528,88%,
2015/3/3--21:47:00,2015/3/4--5:30:00,7:43,62,8866,61%,
2015/3/4--20:53:00,2015/3/5--6:13:00,9:19,68,3422,54%,
2015/3/5--22:29:00,2015/3/6--6:20:00,7:50,58,8268,86%,
2015/3/8--22:54:00,2015/3/9--6:20:00,7:25,61,10598,69%,
2015/3/9--21:28:00,2015/3/10--6:18:00,8:50,67,6191,99%,
2015/3/10--22:17:00,2015/3/11--6:18:00,8:01,71,5071,82%,
2015/3/11--21:39:00,2015/3/12--5:19:00,7:40,63,10292,77%,
2015/3/12--21:44:00,2015/3/13--5:20:00,7:36,60,19227,72%,
2015/3/15--21:50:00,2015/3/16--4:51:00,7:00,62,17387,82%,
2015/3/16--21:48:00,2015/3/17--5:21:00,7:32,54,14098,75%,
2015/3/17--23:57:00,2015/3/18--8:01:00,8:03,62,9826,91%,
2015/3/21--1:10:00,2015/3/21--8:00:00,6:49,66,8506,74%,
2015/3/22--23:07:00,2015/3/23--7:30:00,8:22,65,13862,75%,
2015/3/24--22:11:00,2015/3/25--6:19:00,8:07,58,18196,84%,
2015/3/25--22:00:00,2015/3/26--5:22:00,7:22,68,6844,76%,
2015/3/26--21:23:00,2015/3/27--5:26:00,8:03,54,6518,92%,
2015/3/30--22:30:00,2015/3/31--5:28:00,6:57,64,686,82%,
2015/3/31--22:17:00,2015/4/1--5:50:00,7:32,55,8663,84%,
2015/4/4--23:13:00,2015/4/5--7:31:00,8:17,79,2281,95%,
2015/4/6--21:22:00,2015/4/7--6:15:00,8:53,55,8923,79%,
2015/4/7--21:17:00,2015/4/8--6:18:00,9:01,51,6972,100%,
2015/4/8--22:09:00,2015/4/9--5:02:00,6:52,52,539,81%,
2015/4/9--21:56:00,2015/4/10--5:23:00,7:27,76,8446,80%,
2015/4/10--23:51:00,2015/4/11--7:41:00,7:50,59,1476,85%,
2015/4/11--23:16:00,2015/4/12--6:53:00,7:36,52,8207,97%,
2015/4/12--22:04:00,2015/4/13--5:41:00,7:36,58,19617,84%,
2015/4/13--22:19:00,2015/4/14--5:45:00,7:25,57,18952,78%,
2015/4/15--0:28:00,2015/4/15--7:30:00,7:01,63,17548,81%,
2015/4/16--23:20:00,2015/4/17--6:20:00,6:59,58,9863,82%,
2015/4/17--23:50:00,2015/4/18--7:22:00,7:32,53,6665,59%,
2015/4/20--22:37:00,2015/4/21--6:18:00,7:40,58,7193,77%,
2015/4/22--21:31:00,2015/4/23--5:11:00,7:39,67,14832,77%,
2015/4/23--21:46:00,2015/4/24--5:13:00,7:26,73,14452,87%,
2015/4/25--22:53:00,2015/4/26--7:53:00,9:00,61,17566,100%,
2015/4/26--21:51:00,2015/4/27--4:59:00,7:07,64,1991,70%,
2015/4/27--21:35:00,2015/4/28--4:57:00,7:21,59,9387,77%,
2015/4/28--21:41:00,2015/4/29--5:00:00,7:18,59,13207,53%,
2015/4/30--23:13:00,2015/5/1--6:06:00,6:52,60,12266,77%,
2015/5/1--22:20:00,2015/5/2--6:07:00,7:46,91,12564,65%,
2015/5/5--22:23:00,2015/5/6--6:18:00,7:54,62,11286,83%,
2015/5/6--21:47:00,2015/5/7--5:21:00,7:34,59,7678,50%,
2015/5/7--21:22:00,2015/5/8--4:57:00,7:34,54,9308,89%,
2015/5/9--1:58:00,2015/5/9--7:01:00,5:03,75,16295,61%,
2015/5/10--22:11:00,2015/5/11--5:00:00,6:48,50,12717,66%,
2015/5/11--21:57:00,2015/5/12--5:00:00,7:03,55,1882,75%,
2015/5/12--22:04:00,2015/5/13--4:52:00,6:47,59,1415,72%,
2015/5/14--22:49:00,2015/5/15--6:17:00,7:28,51,18682,79%,
2015/5/17--21:03:00,2015/5/18--7:49:00,10:46,59,2959,93%,
2015/5/18--22:39:00,2015/5/19--6:20:00,7:41,59,17401,91%,
2015/5/20--22:22:00,2015/5/21--5:25:00,7:02,62,19876,59%,
2015/5/21--22:47:00,2015/5/22--5:25:00,6:38,60,4498,74%,
2015/5/24--0:01:00,2015/5/24--7:35:00,7:33,76,4365,73%,
2015/5/24--22:58:00,2015/5/25--6:45:00,7:47,61,18507,67%,
2015/5/25--22:05:00,2015/5/26--5:29:00,7:23,67,3679,85%,
2015/5/26--22:18:00,2015/5/27--5:14:00,6:56,56,7730,69%,
2015/5/28--23:10:00,2015/5/29--7:00:00,7:49,52,2343,81%,
2015/5/31--23:16:00,2015/6/1--6:20:00,7:03,76,12200,72%,
2015/6/1--22:20:00,2015/6/2--6:19:00,7:59,57,10683,76%,
2015/6/3--22:19:00,2015/6/4--5:20:00,7:00,64,7265,78%,
2015/6/4--22:20:00,2015/6/5--3:45:00,5:25,76,3380,70%,
2015/6/5--3:45:00,2015/6/5--5:41:00,1:55,57,15802,23%,
2015/6/7--22:01:00,2015/6/8--5:40:00,7:39,58,19855,75%,
2015/6/8--21:57:00,2015/6/9--5:16:00,7:19,68,12232,69%,
2015/6/9--21:07:00,2015/6/10--5:01:00,7:54,69,15733,83%,
2015/6/10--21:12:00,2015/6/11--6:17:00,9:04,68,13592,92%,
2015/6/11--22:54:00,2015/6/12--6:19:00,7:25,69,11977,74%,
2015/6/14--22:38:00,2015/6/15--6:12:00,7:34,69,2530,81%,
2015/6/15--22:31:00,2015/6/16--6:20:00,7:48,64,9042,88%,
2015/6/16--22:21:00,2015/6/17--6:20:00,7:59,65,14838,69%,
2015/6/17--21:28:00,2015/6/18--5:00:00,7:31,79,19363,63%,
2015/6/18--22:26:00,2015/6/19--4:46:00,6:20,91,11405,71%,
2015/6/22--21:54:00,2015/6/23--5:07:00,7:13,83,17200,78%,
2015/6/23--22:09:00,2015/6/24--4:57:00,6:48,72,5773,76%,
2015/6/24--4:58:00,2015/6/24--5:45:00,0:46,89,16272,10%,
2015/6/24--22:37:00,2015/6/25--6:20:00,7:43,81,7889,82%,
2015/7/11--22:29:00,2015/7/12--8:00:00,9:31,92,17983,98%,
2015/7/19--21:38:00,2015/7/20--6:09:00,8:31,61,11849,69%,
2015/7/20--22:01:00,2015/7/21--5:04:00,7:03,70,5563,68%,
2015/7/21--22:02:00,2015/7/22--5:45:00,7:42,88,531,79%,
2015/7/23--22:29:00,2015/7/24--6:44:00,8:14,79,15073,86%,
2015/7/26--22:29:00,2015/7/27--6:20:00,7:50,89,9378,93%,
2015/7/28--21:32:00,2015/7/29--5:39:00,8:07,78,14827,68%,
2015/7/29--23:06:00,2015/7/30--5:40:00,6:34,67,19207,71%,
2015/7/30--21:40:00,2015/7/31--5:40:00,8:00,75,9350,88%,
2015/8/1--1:41:00,2015/8/1--8:31:00,6:49,85,13275,77%,
2015/8/1--22:55:00,2015/8/2--8:02:00,9:06,81,15182,97%,
2015/8/2--23:45:00,2015/8/3--0:00:00,0:15,84,5801,3%,
2015/8/3--0:26:00,2015/8/3--7:25:00,6:59,77,14652,88%,
2015/8/3--21:46:00,2015/8/4--5:00:00,7:14,73,2981,71%,
2015/8/4--21:17:00,2015/8/5--4:55:00,7:38,89,16512,81%,
2015/8/5--21:35:00,2015/8/6--4:55:00,7:19,83,19631,78%,
2015/8/8--0:19:00,2015/8/8--7:56:00,7:37,85,4803,97%,
2015/8/10--0:01:00,2015/8/10--5:03:00,5:02,77,2363,65%,
2015/8/10--21:11:00,2015/8/11--6:09:00,8:58,92,1298,72%,
2015/8/15--23:41:00,2015/8/16--7:27:00,7:46,69,11233,84%,
2015/8/16--21:44:00,2015/8/17--4:45:00,7:00,87,18547,58%,
2015/8/17--22:13:00,2015/8/18--5:27:00,7:14,67,3812,85%,
2015/8/18--22:33:00,2015/8/19--6:45:00,8:12,62,2195,90%,
2015/8/19--21:48:00,2015/8/20--6:01:00,8:12,71,3490,79%,
2015/8/20--22:36:00,2015/8/21--6:00:00,7:23,81,17686,69%,
2015/8/21--21:52:00,2015/8/22--6:00:00,8:07,96,13939,88%,
2015/8/22--21:59:00,2015/8/23--5:49:00,7:49,86,19554,90%,
2015/8/23--21:59:00,2015/8/24--5:29:00,7:30,79,13857,83%,
2015/8/25--21:57:00,2015/8/26--5:45:00,7:48,80,4899,67%,
2015/8/26--21:14:00,2015/8/27--5:45:00,8:30,60,1511,90%,
2015/8/27--21:19:00,2015/8/28--5:45:00,8:26,92,6995,93%,
2015/8/28--22:01:00,2015/8/29--6:00:00,7:59,69,19257,85%,
2015/8/30--22:00:00,2015/8/31--6:00:00,8:00,67,719,84%,
2015/8/31--22:14:00,2015/9/1--6:00:00,7:46,95,10271,77%,
2015/9/1--22:00:00,2015/9/2--6:00:00,7:59,81,5780,85%,
2015/9/2--23:36:00,2015/9/3--7:10:00,7:33,97,8119,77%,
2015/9/5--22:54:00,2015/9/6--6:59:00,8:04,86,19042,87%,
2015/9/7--22:45:00,2015/9/8--6:13:00,7:27,95,7598,84%,
2015/9/8--22:03:00,2015/9/9--6:04:00,8:01,62,6884,86%,
2015/9/9--22:40:00,2015/9/10--6:10:00,7:29,82,14372,83%,
2015/9/10--22:10:00,2015/9/11--4:57:00,6:46,60,4463,77%,
2015/9/12--0:06:00,2015/9/12--7:41:00,7:35,93,952,81%,
2015/9/13--22:03:00,2015/9/14--5:50:00,7:47,82,7999,81%,
2015/9/14--22:33:00,2015/9/15--6:30:00,7:56,93,5240,83%,
2015/9/15--22:14:00,2015/9/16--5:55:00,7:40,73,9052,70%,
2015/9/16--21:59:00,2015/9/17--6:20:00,8:20,96,5964,80%,
2015/9/17--22:57:00,2015/9/18--6:20:00,7:22,98,13514,60%,
2015/9/19--0:31:00,2015/9/19--6:55:00,6:23,87,6084,55%,
2015/9/19--22:01:00,2015/9/20--6:48:00,8:47,72,4692,91%,
2015/9/20--22:07:00,2015/9/21--6:15:00,8:08,64,6374,79%,
2015/9/22--21:34:00,2015/9/23--6:15:00,8:41,61,8085,81%,
2015/9/23--21:37:00,2015/9/24--5:07:00,7:29,63,8651,77%,
2015/9/24--22:37:00,2015/9/25--6:00:00,7:22,74,11772,83%,
2015/9/27--22:57:00,2015/9/28--7:00:00,8:02,70,1342,82%,
2015/9/28--21:12:00,2015/9/29--5:15:00,8:02,88,15666,90%,
2015/9/29--22:54:00,2015/9/30--6:20:00,7:25,61,9630,89%,
2015/9/30--23:57:00,2015/10/1--6:14:00,6:16,91,14479,62%,
2015/10/3--0:09:00,2015/10/3--7:26:00,7:17,81,18567,69%,
2015/10/11--0:27:00,2015/10/11--8:58:00,8:31,77,4306,100%,
2015/10/12--21:59:00,2015/10/13--6:00:00,8:01,60,2787,74%,
2015/10/13--22:19:00,2015/10/14--4:59:00,6:40,71,17594,59%,
2015/10/14--5:00:00,2015/10/14--6:00:00,1:00,83,6518,13%,
2015/10/14--22:40:00,2015/10/15--6:20:00,7:40,66,6349,68%,
2015/10/15--22:12:00,2015/10/16--6:21:00,8:08,78,19753,67%,
2015/10/17--0:45:00,2015/10/17--7:37:00,6:51,92,19354,57%,
2015/10/18--21:52:00,2015/10/19--6:20:00,8:27,82,9523,67%,
2015/10/20--21:38:00,2015/10/21--6:20:00,8:42,60,3722,88%,
2015/10/21--22:41:00,2015/10/22--6:20:00,7:39,74,6390,77%,
2015/10/22--21:46:00,2015/10/23--5:30:00,7:44,69,12974,80%,
2015/10/24--0:32:00,2015/10/24--8:12:00,7:40,71,19732,77%,
2015/10/24--22:38:00,2015/10/25--6:33:00,7:55,66,10216,81%,
2015/10/26--23:09:00,2015/10/27--6:05:00,6:55,98,11654,77%,
2015/10/27--21:34:00,2015/10/28--5:35:00,8:01,68,12937,78%,
2015/10/28--22:28:00,2015/10/29--6:20:00,7:51,92,10106,83%,
2015/10/29--22:30:00,2015/10/30--6:10:00,7:40,74,19935,81%,
2015/10/31--1:01:00,2015/10/31--7:50:00,6:48,94,19361,50%,
2015/11/2--22:00:00,2015/11/3--6:10:00,8:09,79,4488,83%,
2015/11/3--22:46:00,2015/11/4--6:09:00,7:23,66,15922,75%,
2015/11/4--22:49:00,2015/11/5--6:00:00,7:11,79,7248,65%,
2015/11/5--21:36:00,2015/11/6--5:29:00,7:52,90,632,77%,
2015/11/7--0:19:00,2015/11/7--8:13:00,7:54,95,10194,93%,
2015/11/8--23:28:00,2015/11/9--6:20:00,6:52,78,970,69%,
2015/11/9--21:59:00,2015/11/10--5:41:00,7:41,85,638,88%,
2015/11/10--22:56:00,2015/11/11--6:28:00,7:32,62,1722,83%,
2015/11/11--22:57:00,2015/11/12--6:20:00,7:23,78,14355,72%,
2015/11/13--22:59:00,2015/11/14--7:46:00,8:46,79,19607,96%,
2015/11/15--22:17:00,2015/11/16--6:30:00,8:13,67,13806,72%,
2015/11/18--22:07:00,2015/11/19--5:30:00,7:23,64,18718,80%,
2015/11/19--23:10:00,2015/11/20--6:00:00,6:50,99,16988,73%,
2015/11/22--21:57:00,2015/11/23--5:30:00,7:33,63,6557,83%,
2015/11/23--22:15:00,2015/11/24--5:00:00,6:44,77,17103,74%,
2015/11/24--22:33:00,2015/11/25--6:30:00,7:57,90,4280,87%,
2015/11/25--23:26:00,2015/11/26--6:20:00,6:54,74,14872,69%,
2015/11/26--22:25:00,2015/11/27--6:20:00,7:55,70,16732,81%,
2015/11/28--1:20:00,2015/11/28--7:46:00,6:25,97,15049,58%,
2015/11/29--22:20:00,2015/11/30--6:20:00,7:59,78,10374,68%,
2015/11/30--21:23:00,2015/12/1--6:19:00,8:55,67,3907,64%,
2015/12/1--23:03:00,2015/12/2--6:20:00,7:17,91,8075,84%,
2015/12/2--22:19:00,2015/12/3--5:11:00,6:51,79,16418,75%,
2015/12/3--22:51:00,2015/12/4--5:01:00,6:09,96,5643,70%,
2015/12/6--22:10:00,2015/12/7--5:31:00,7:20,98,16036,86%,
2015/12/7--21:20:00,2015/12/8--5:00:00,7:40,87,12481,86%,
2015/12/8--22:17:00,2015/12/9--5:45:00,7:28,88,4427,79%,
2015/12/9--21:57:00,2015/12/10--6:10:00,8:13,94,3787,93%,
2015/12/13--0:08:00,2015/12/13--8:23:00,8:14,63,5330,77%,
2015/12/13--22:07:00,2015/12/14--6:09:00,8:02,73,19908,80%,
2015/12/15--22:32:00,2015/12/16--6:10:00,7:37,79,18460,75%,
2015/12/16--22:20:00,2015/12/17--5:40:00,7:20,96,3369,84%,
2015/12/17--21:07:00,2015/12/18--5:45:00,8:37,99,16912,100%,
2015/12/20--22:19:00,2015/12/21--6:20:00,8:00,92,15608,72%,
2015/12/21--22:06:00,2015/12/22--5:29:00,7:23,71,12783,80%,
2015/12/22--21:41:00,2015/12/23--5:43:00,8:01,76,11018,82%,
2015/12/23--22:33:00,2015/12/24--6:01:00,7:27,86,2162,79%,
2015/12/29--22:44:00,2015/12/30--7:00:00,8:16,63,9955,76%,
2016/1/1--23:53:00,2016/1/2--8:27:00,8:33,93,7157,79%,
2016/1/2--23:49:00,2016/1/3--8:13:00,8:24,70,16796,85%,
2016/1/3--21:44:00,2016/1/4--5:35:00,7:51,93,3452,69%,
2016/1/4--22:17:00,2016/1/5--5:45:00,7:28,93,18383,74%,
2016/1/5--22:18:00,2016/1/6--6:20:00,8:01,60,7048,66%,
2016/1/13--22:44:00,2016/1/14--6:20:00,7:35,83,15399,72%,
2016/1/14--22:10:00,2016/1/15--5:28:00,7:17,79,12905,73%,
2016/1/17--22:00:00,2016/1/18--5:30:00,7:29,74,18799,76%,
2016/1/18--21:56:00,2016/1/19--5:34:00,7:38,66,8281,78%,
2016/1/19--22:46:00,2016/1/20--6:35:00,7:48,75,13141,75%,
2016/1/20--21:13:00,2016/1/21--6:29:00,9:15,72,10984,77%,
2016/1/21--21:33:00,2016/1/22--6:23:00,8:50,77,10687,79%,
2016/1/22--22:17:00,2016/1/23--8:14:00,9:57,70,2502,79%,
2016/1/24--22:06:00,2016/1/25--6:30:00,8:23,77,10369,85%,
2016/1/25--22:27:00,2016/1/26--6:38:00,8:10,75,8902,88%,
2016/1/26--22:58:00,2016/1/27--6:28:00,7:29,72,3322,83%,
2016/1/27--22:02:00,2016/1/28--5:23:00,7:20,64,2737,84%,
2016/1/28--22:11:00,2016/1/29--5:26:00,7:15,83,4382,76%,
2016/1/29--21:47:00,2016/1/30--6:06:00,8:19,74,8097,88%,
2016/1/31--22:58:00,2016/2/1--6:19:00,7:20,100,2753,78%,
2016/2/1--22:02:00,2016/2/2--5:27:00,7:25,79,14508,82%,
2016/2/2--21:47:00,2016/2/3--5:20:00,7:33,75,19558,72%,
2016/2/3--22:54:00,2016/2/4--6:20:00,7:26,90,4057,79%,
2016/2/4--22:17:00,2016/2/5--6:53:00,8:35,73,7191,74%,
2016/2/5--23:45:00,2016/2/6--7:35:00,7:50,88,13375,84%,
2016/2/6--22:55:00,2016/2/7--7:35:00,8:40,66,13633,91%,
2016/2/8--0:44:00,2016/2/8--7:45:00,7:01,98,17427,68%,
2016/2/8--22:43:00,2016/2/9--6:40:00,7:56,69,3511,77%,
2016/2/9--21:57:00,2016/2/10--5:31:00,7:33,78,1947,66%,
2016/2/13--23:41:00,2016/2/14--5:11:00,5:30,87,638,38%,
2016/2/14--22:07:00,2016/2/15--5:53:00,7:45,82,8967,84%,
2016/2/15--22:07:00,2016/2/16--5:25:00,7:18,65,8719,76%,
2016/2/16--22:20:00,2016/2/17--5:32:00,7:12,88,13999,70%,
2016/2/17--21:33:00,2016/2/18--6:24:00,8:51,89,12098,90%,
2016/2/18--22:47:00,2016/2/19--6:26:00,7:39,100,16396,77%,
2016/2/20--23:12:00,2016/2/21--7:41:00,8:28,100,11934,69%,
2016/2/22--22:04:00,2016/2/23--6:23:00,8:19,84,8464,85%,
2016/2/23--22:18:00,2016/2/24--6:25:00,8:06,74,19082,94%,
2016/2/24--21:59:00,2016/2/25--5:43:00,7:44,92,12885,88%,
2016/2/26--0:15:00,2016/2/26--6:35:00,6:20,83,10495,68%,
2016/2/27--23:33:00,2016/2/28--7:50:00,8:17,93,19031,92%,
2016/2/28--22:19:00,2016/2/29--5:45:00,7:25,66,4061,64%,
2016/2/29--21:55:00,2016/3/1--6:22:00,8:26,73,18052,78%,
2016/3/1--23:22:00,2016/3/2--5:50:00,6:28,92,17151,70%,
2016/3/2--22:15:00,2016/3/3--6:21:00,8:06,66,9756,95%,
2016/3/3--22:01:00,2016/3/4--6:17:00,8:16,88,8131,90%,
2016/3/5--23:20:00,2016/3/6--7:31:00,8:11,66,10054,98%,
2016/3/6--23:08:00,2016/3/7--6:19:00,7:11,60,2166,70%,
2016/3/7--22:50:00,2016/3/8--6:22:00,7:32,92,14063,75%,
2016/3/8--21:40:00,2016/3/9--6:25:00,8:44,64,19290,91%,
2016/3/9--22:40:00,2016/3/10--5:49:00,7:09,70,6177,79%,
2016/3/10--21:35:00,2016/3/11--5:34:00,7:58,80,4900,92%,
2016/3/12--1:33:00,2016/3/12--7:50:00,6:17,68,9969,69%,
2016/3/12--23:44:00,2016/3/13--7:51:00,7:07,76,19473,83%,
2016/3/13--22:47:00,2016/3/14--5:40:00,6:53,91,12116,82%,
2016/3/14--22:16:00,2016/3/15--5:46:00,7:29,90,4675,79%,
2016/3/15--22:41:00,2016/3/16--6:25:00,7:43,91,5451,85%,
2016/3/16--22:25:00,2016/3/17--7:05:00,8:39,88,14306,90%,
2016/3/17--22:46:00,2016/3/18--7:08:00,8:22,76,11899,98%,
2016/3/18--22:17:00,2016/3/19--7:47:00,9:30,99,17449,87%,
2016/3/20--22:13:00,2016/3/21--7:26:00,9:13,82,5767,80%,
2016/3/21--22:37:00,2016/3/22--7:32:00,8:54,85,6909,80%,
2016/3/22--21:22:00,2016/3/23--6:19:00,8:56,93,6214,80%,
2016/3/23--22:06:00,2016/3/24--5:20:00,7:13,76,13594,65%,
2016/3/27--23:28:00,2016/3/28--7:30:00,8:01,61,18193,82%,
2016/3/28--23:32:00,2016/3/29--6:29:00,6:56,80,14244,75%,
2016/3/29--23:12:00,2016/3/30--6:25:00,7:13,66,9691,66%,
2016/3/30--22:58:00,2016/3/31--6:25:00,7:26,68,10805,58%,
2016/3/31--22:47:00,2016/4/1--6:30:00,7:42,73,8867,89%,
2016/4/2--21:20:00,2016/4/3--7:08:00,9:47,63,9752,86%,
2016/4/3--21:44:00,2016/4/4--6:24:00,8:39,61,8723,67%,
2016/4/4--21:23:00,2016/4/5--6:29:00,9:05,100,10110,62%,
2016/4/5--21:13:00,2016/4/6--6:24:00,9:11,83,17664,81%,
2016/4/6--23:00:00,2016/4/7--5:55:00,6:55,74,9847,73%,
2016/4/7--21:48:00,2016/4/8--5:49:00,8:00,95,1972,81%,
2016/4/9--0:51:00,2016/4/9--7:21:00,6:30,84,10467,53%,
2016/4/9--22:59:00,2016/4/10--7:59:00,9:00,90,18253,94%,
2016/4/10--22:04:00,2016/4/11--5:16:00,7:12,66,6986,67%,
2016/4/11--22:35:00,2016/4/12--5:54:00,7:19,86,18193,82%,
2016/4/12--22:18:00,2016/4/13--5:52:00,7:33,94,6944,85%,
2016/4/13--22:27:00,2016/4/14--6:13:00,7:45,65,10537,77%,
2016/4/14--21:43:00,2016/4/15--6:24:00,8:41,78,6347,94%,
2016/4/15--22:38:00,2016/4/16--7:25:00,8:47,83,7283,81%,
2016/4/17--21:34:00,2016/4/18--6:26:00,8:52,79,9349,75%,
2016/4/19--21:21:00,2016/4/20--6:20:00,8:59,100,8185,79%,
2016/4/20--21:25:00,2016/4/21--5:35:00,8:09,90,19840,81%,
2016/4/21--21:54:00,2016/4/22--5:35:00,7:40,72,13030,79%,
2016/4/22--5:37:00,2016/4/22--6:20:00,0:42,84,8860,9%,
2016/4/23--0:46:00,2016/4/23--7:54:00,7:07,86,10087,65%,
2016/4/24--22:30:00,2016/4/25--6:14:00,7:43,63,10347,81%,
2016/4/25--22:07:00,2016/4/26--5:39:00,7:31,99,15988,87%,
2016/4/26--22:48:00,2016/4/27--6:20:00,7:32,96,1355,74%,
2016/4/27--22:24:00,2016/4/28--6:25:00,8:01,68,3721,92%,
2016/4/28--22:23:00,2016/4/29--6:17:00,7:53,61,12001,95%,
2016/4/29--22:47:00,2016/4/30--5:57:00,7:09,75,15626,81%,
2016/5/1--21:27:00,2016/5/2--6:15:00,8:47,86,18523,95%,
2016/5/2--21:50:00,2016/5/3--6:20:00,8:29,79,628,85%,
2016/5/3--22:19:00,2016/5/4--6:20:00,8:01,93,5025,79%,
2016/5/4--22:16:00,2016/5/5--6:30:00,8:13,95,11513,83%,
2016/5/5--22:20:00,2016/5/6--6:15:00,7:54,69,15978,89%,
2016/5/6--23:07:00,2016/5/7--7:08:00,8:00,82,12164,87%,
2016/5/7--23:20:00,2016/5/8--7:12:00,7:51,68,16644,93%,
2016/5/8--23:44:00,2016/5/9--6:20:00,6:36,71,9743,74%,
2016/5/9--22:10:00,2016/5/10--5:41:00,7:30,74,9677,83%,
2016/5/10--23:10:00,2016/5/11--5:30:00,6:20,96,18900,74%,
2016/5/11--22:43:00,2016/5/12--6:25:00,7:41,95,11902,80%,
2016/5/12--23:50:00,2016/5/13--6:50:00,6:59,61,18114,83%,
2016/5/13--23:08:00,2016/5/14--7:53:00,8:45,83,19513,100%,
2016/5/15--21:34:00,2016/5/16--6:07:00,8:33,78,14247,81%,
2016/5/16--21:34:00,2016/5/17--6:15:00,8:40,80,3286,85%,
2016/5/17--20:53:00,2016/5/18--6:10:00,9:16,73,9794,83%,
2016/5/18--22:26:00,2016/5/19--5:40:00,7:14,63,18429,79%,
2016/5/20--0:00:00,2016/5/20--6:30:00,6:30,92,14390,76%,
2016/5/20--23:14:00,2016/5/21--7:34:00,8:19,100,15958,91%,
2016/5/23--22:34:00,2016/5/24--5:30:00,6:55,82,12315,75%,
2016/5/24--22:00:00,2016/5/25--5:35:00,7:35,73,18117,90%,
2016/5/25--22:21:00,2016/5/26--6:31:00,8:09,97,6241,88%,
2016/5/26--22:08:00,2016/5/27--6:19:00,8:11,90,11582,89%,
2016/5/28--0:19:00,2016/5/28--7:15:00,6:56,74,18400,72%,
2016/5/29--22:04:00,2016/5/30--6:40:00,8:36,60,17846,100%,
2016/5/30--22:07:00,2016/5/31--6:08:00,8:00,71,3986,72%,
2016/5/31--23:02:00,2016/6/1--6:31:00,7:28,65,16693,70%,
2016/6/1--23:01:00,2016/6/2--5:48:00,6:46,89,11678,67%,
2016/6/2--22:51:00,2016/6/3--5:31:00,6:39,61,15280,65%,
2016/6/5--22:33:00,2016/6/6--5:51:00,7:18,67,16466,71%,
2016/6/6--23:26:00,2016/6/7--5:31:00,6:05,82,2939,70%,
2016/6/7--22:32:00,2016/6/8--5:32:00,6:59,74,6097,77%,
2016/6/8--21:56:00,2016/6/9--6:16:00,8:20,84,19760,76%,
2016/6/9--22:07:00,2016/6/10--6:35:00,8:27,98,1204,87%,
2016/6/11--22:42:00,2016/6/12--8:41:00,9:58,85,15283,93%,
2016/6/12--22:52:00,2016/6/13--6:32:00,7:39,75,16647,77%,
2016/6/13--22:03:00,2016/6/14--6:26:00,8:22,78,5704,82%,
2016/6/14--22:32:00,2016/6/15--6:30:00,7:58,70,6848,68%,
2016/6/16--0:46:00,2016/6/16--6:25:00,5:38,76,16756,64%,
2016/6/16--22:06:00,2016/6/17--6:01:00,7:54,76,8608,83%,
2016/6/17--23:28:00,2016/6/18--7:23:00,7:54,77,10072,79%,
2016/6/19--23:00:00,2016/6/20--6:00:00,6:59,93,14154,74%,
2016/6/20--22:34:00,2016/6/21--5:50:00,7:15,68,9404,83%,
2016/6/21--22:11:00,2016/6/22--5:40:00,7:29,65,12049,83%,
2016/6/22--22:41:00,2016/6/23--6:22:00,7:41,85,10537,82%,
2016/6/23--22:32:00,2016/6/24--6:32:00,8:00,93,17632,86%,
2016/6/26--22:16:00,2016/6/27--6:30:00,8:14,96,7699,64%,
2016/6/27--23:48:00,2016/6/28--6:47:00,6:58,60,1338,62%,
2016/6/28--23:10:00,2016/6/29--6:35:00,7:25,96,15060,77%,
2016/6/29--22:32:00,2016/6/30--5:55:00,7:23,64,9623,83%,
2016/7/1--23:32:00,2016/7/2--7:32:00,8:00,76,16427,90%,
2016/7/3--21:49:00,2016/7/4--6:02:00,8:12,94,13591,86%,
2016/7/4--21:39:00,2016/7/5--5:50:00,8:11,98,17875,85%,
2016/7/5--22:48:00,2016/7/6--6:05:00,7:16,75,15506,75%,
2016/7/6--22:13:00,2016/7/7--6:15:00,8:02,69,8487,92%,
2016/7/7--22:53:00,2016/7/8--7:05:00,8:12,83,1958,96%,
2016/7/10--22:18:00,2016/7/11--6:17:00,7:59,60,1702,85%,
2016/7/11--21:24:00,2016/7/12--6:15:00,8:50,94,9665,99%,
2016/7/12--22:02:00,2016/7/13--6:15:00,8:13,84,6508,96%,
2016/7/13--23:13:00,2016/7/14--6:15:00,7:02,92,529,78%,
2016/7/14--22:39:00,2016/7/15--6:15:00,7:35,84,1294,84%,
2016/7/16--0:32:00,2016/7/16--8:19:00,7:47,61,14479,87%,
2016/7/16--23:20:00,2016/7/17--7:31:00,8:10,86,17285,98%,
2016/7/17--22:23:00,2016/7/18--6:00:00,7:37,81,4603,76%,
2016/7/18--22:57:00,2016/7/19--6:05:00,7:08,81,19578,77%,
2016/7/19--22:36:00,2016/7/20--5:50:00,7:14,66,13613,77%,
2016/7/20--22:25:00,2016/7/21--5:56:00,7:30,66,19820,82%,
2016/7/21--23:07:00,2016/7/22--7:00:00,7:52,61,6432,87%,
2016/7/22--22:20:00,2016/7/23--7:56:00,9:35,96,17495,99%,
2016/7/23--23:47:00,2016/7/24--7:56:00,8:09,86,12034,74%,
2016/7/24--22:45:00,2016/7/25--6:14:00,7:28,72,10874,81%,
2016/7/25--21:54:00,2016/7/26--6:02:00,8:07,84,3600,86%,
2016/7/26--23:03:00,2016/7/27--6:11:00,7:07,81,1194,84%,
2016/7/27--22:49:00,2016/7/28--7:11:00,8:21,60,17698,95%,
2016/7/28--22:25:00,2016/7/29--3:35:00,5:10,70,6964,35%,
2016/8/16--22:05:00,2016/8/17--5:50:00,7:44,86,22417,96%,
2016/8/17--22:42:00,2016/8/18--6:15:00,7:33,94,7200,78%,
2016/8/18--21:58:00,2016/8/19--6:23:00,8:24,76,3444,36%,
2016/8/20--22:04:00,2016/8/21--8:33:00,10:28,66,7901,56%,
2016/8/21--22:08:00,2016/8/22--6:20:00,8:11,69,3786,52%,
2016/8/22--22:13:00,2016/8/23--6:22:00,8:09,76,2668,35%,
2016/8/23--23:08:00,2016/8/24--6:38:00,7:30,69,4213,51%,
2016/8/24--21:51:00,2016/8/25--6:10:00,8:19,67,2210,54%,
2016/8/25--22:06:00,2016/8/26--6:19:00,8:13,71,3040,55%,
2016/8/26--23:49:00,2016/8/27--7:26:00,7:37,83,3887,46%,
2016/8/27--23:52:00,2016/8/28--8:25:00,8:33,69,5631,48%,
2016/8/28--22:52:00,2016/8/29--6:40:00,7:48,100,10059,36%,
2016/8/29--22:10:00,2016/8/30--6:20:00,8:09,97,3698,40%,
2016/8/30--22:21:00,2016/8/31--6:20:00,7:59,68,4399,49%,
2016/8/31--22:33:00,2016/9/1--6:20:00,7:47,100,4015,49%,
2016/9/1--23:08:00,2016/9/2--5:58:00,6:50,87,4374,54%,
2016/9/2--22:38:00,2016/9/3--7:47:00,9:09,66,5038,67%,
2016/9/4--23:28:00,2016/9/5--8:00:00,8:32,92,827,61%,
2016/9/5--21:00:00,2016/9/6--6:20:00,9:20,62,2542,41%,
2016/9/6--22:11:00,2016/9/7--6:22:00,8:10,78,7370,70%,
2016/9/7--22:31:00,2016/9/8--6:21:00,7:50,78,5658,69%,
2016/9/8--22:28:00,2016/9/9--6:10:00,7:41,86,7107,61%,
2016/9/10--0:45:00,2016/9/10--7:06:00,6:21,91,7048,58%,
2016/9/10--22:44:00,2016/9/11--6:01:00,7:17,66,6925,33%,
2016/9/11--23:05:00,2016/9/12--6:20:00,7:14,88,1130,60%,
2016/9/12--22:46:00,2016/9/13--6:20:00,7:34,68,7025,67%,
2016/9/13--21:55:00,2016/9/14--6:07:00,8:12,91,5955,59%,
2016/9/14--22:26:00,2016/9/15--6:20:00,7:53,97,9243,65%,
2016/9/17--22:26:00,2016/9/18--8:22:00,9:56,95,908,70%,
2016/9/18--22:28:00,2016/9/19--6:24:00,7:55,83,2191,57%,
2016/9/19--22:14:00,2016/9/20--6:22:00,8:07,73,11650,60%,
2016/9/20--22:39:00,2016/9/21--6:15:00,7:36,91,10842,57%,
2016/9/21--22:11:00,2016/9/22--6:11:00,7:59,84,5765,60%,
2016/9/22--22:26:00,2016/9/23--6:55:00,8:29,81,8047,70%,
2016/9/25--22:53:00,2016/9/26--6:24:00,7:31,90,359,58%,
2016/9/26--22:17:00,2016/9/27--6:20:00,8:03,84,8733,55%,
2016/9/27--22:22:00,2016/9/28--6:06:00,7:44,88,6963,55%,
2016/9/28--23:10:00,2016/9/29--6:20:00,7:09,81,10392,60%,
2016/9/29--22:50:00,2016/9/30--6:20:00,7:29,96,7230,53%,
2016/10/1--0:06:00,2016/10/1--8:27:00,8:20,86,7255,67%,
2016/10/1--23:23:00,2016/10/2--7:50:00,8:26,62,4555,55%,
2016/10/2--23:29:00,2016/10/3--6:25:00,6:56,80,8954,54%,
2016/10/3--22:24:00,2016/10/4--6:03:00,7:38,77,9726,62%,
2016/10/4--21:53:00,2016/10/5--6:21:00,8:28,100,8587,66%,
2016/10/5--22:33:00,2016/10/6--6:21:00,7:48,72,8612,54%,
2016/10/7--0:07:00,2016/10/7--6:40:00,6:33,60,8737,52%,
2016/10/7--23:18:00,2016/10/8--7:20:00,8:02,96,10375,71%,
2016/10/10--22:38:00,2016/10/11--6:28:00,7:49,66,21870,59%,
2016/10/11--22:28:00,2016/10/12--6:14:00,7:45,71,10106,56%,
2016/10/12--22:48:00,2016/10/13--6:05:00,7:16,92,9308,65%,
2016/10/13--22:26:00,2016/10/14--6:30:00,8:04,64,8406,61%,
2016/10/15--23:00:00,2016/10/16--7:31:00,8:30,90,779,71%,
2016/10/16--22:52:00,2016/10/17--6:20:00,7:27,73,3932,50%,
2016/10/17--22:53:00,2016/10/18--6:27:00,7:34,89,10266,63%,
2016/10/18--22:34:00,2016/10/19--6:10:00,7:35,70,10540,67%,
2016/10/19--22:13:00,2016/10/20--5:49:00,7:35,77,8164,64%,
2016/10/20--22:14:00,2016/10/21--6:33:00,8:19,91,7271,67%,
2016/10/22--1:38:00,2016/10/22--7:18:00,5:39,96,6044,54%,
2016/10/23--0:07:00,2016/10/23--8:47:00,8:40,94,7682,81%,
2016/10/23--22:21:00,2016/10/24--6:23:00,8:01,78,6719,66%,
2016/10/24--23:04:00,2016/10/25--6:25:00,7:21,95,8273,65%,
2016/10/25--22:48:00,2016/10/26--6:35:00,7:46,76,6366,69%,
2016/10/26--22:55:00,2016/10/27--6:26:00,7:30,94,9368,72%,
2016/10/27--23:03:00,2016/10/28--6:35:00,7:32,63,7967,63%,
2016/10/29--0:16:00,2016/10/29--7:51:00,7:34,91,8641,66%,
2016/10/30--22:46:00,2016/10/31--6:10:00,7:23,91,1283,68%,
2016/11/1--22:19:00,2016/11/2--5:57:00,7:37,73,4542,68%,
2016/11/2--22:52:00,2016/11/3--6:30:00,7:38,95,2870,72%,
2016/11/4--0:13:00,2016/11/4--6:15:00,6:01,72,10506,52%,
2016/11/4--22:49:00,2016/11/5--7:58:00,9:08,98,6716,80%,
2016/11/6--21:58:00,2016/11/7--5:47:00,7:49,94,6623,65%,
2016/11/7--22:16:00,2016/11/8--5:51:00,7:35,67,6608,70%,
2016/11/8--22:51:00,2016/11/9--5:48:00,6:56,84,7119,62%,
2016/11/9--22:37:00,2016/11/10--5:55:00,7:17,78,8981,65%,
2016/11/10--23:58:00,2016/11/11--7:19:00,7:20,79,7385,56%,
2016/11/11--23:25:00,2016/11/12--7:16:00,7:51,61,737,74%,
2016/11/15--22:14:00,2016/11/16--7:35:00,9:20,71,5274,72%,
2016/11/16--23:10:00,2016/11/17--7:07:00,7:56,71,2670,70%,
2016/11/17--23:15:00,2016/11/18--6:59:00,7:44,69,5825,73%,
2016/11/18--23:37:00,2016/11/19--7:13:00,7:36,90,5971,70%,
2016/11/19--23:47:00,2016/11/20--7:53:00,8:05,79,1540,81%,
2016/11/20--23:00:00,2016/11/21--7:02:00,8:01,61,847,80%,
2016/11/21--22:38:00,2016/11/22--5:40:00,7:01,84,6149,68%,
2016/11/22--21:26:00,2016/11/23--5:40:00,8:13,90,10585,80%,
2016/11/23--22:44:00,2016/11/24--6:10:00,7:25,81,10248,73%,
2016/11/24--22:00:00,2016/11/25--6:39:00,8:39,73,6536,88%,
2016/11/25--23:09:00,2016/11/26--7:40:00,8:30,75,5628,89%,
2016/11/27--22:01:00,2016/11/28--6:18:00,8:16,61,595,75%,
2016/11/28--22:35:00,2016/11/29--6:26:00,7:50,89,7499,83%,
2016/11/29--23:33:00,2016/11/30--6:31:00,6:57,85,3196,71%,
2016/11/30--21:12:00,2016/12/1--5:13:00,8:01,70,3763,89%,
2016/12/1--5:14:00,2016/12/1--6:38:00,1:24,92,3763,17%,
2016/12/1--21:40:00,2016/12/2--5:11:00,7:31,69,4904,71%,
2016/12/4--1:18:00,2016/12/4--9:20:00,8:02,61,3158,89%,
2016/12/4--21:45:00,2016/12/5--5:45:00,8:00,81,4514,78%,
2016/12/5--21:44:00,2016/12/6--5:40:00,7:55,73,7137,79%,
2016/12/6--22:13:00,2016/12/7--5:46:00,7:32,62,7709,72%,
2016/12/7--22:46:00,2016/12/8--6:19:00,7:32,78,10521,82%,
2016/12/8--23:32:00,2016/12/9--6:47:00,7:15,88,9338,69%,
2016/12/9--22:48:00,2016/12/10--8:11:00,9:23,78,4629,79%,
2016/12/11--1:07:00,2016/12/11--8:27:00,7:19,98,5776,82%,
2016/12/11--22:14:00,2016/12/12--6:16:00,8:01,78,168,85%,
2016/12/12--22:56:00,2016/12/13--6:35:00,7:38,70,6964,81%,
2016/12/13--22:02:00,2016/12/14--6:05:00,8:02,71,3448,83%,
2016/12/14--21:57:00,2016/12/15--6:18:00,8:20,64,4114,74%,
2016/12/15--21:29:00,2016/12/16--5:00:00,7:31,62,7112,75%,
2016/12/18--22:35:00,2016/12/19--5:47:00,7:11,70,3391,78%,
2016/12/19--21:49:00,2016/12/20--6:35:00,8:46,63,2335,96%,
2016/12/20--23:48:00,2016/12/21--7:09:00,7:20,85,7293,84%,
2016/12/21--23:56:00,2016/12/22--7:30:00,7:33,77,8488,86%,
2016/12/22--23:07:00,2016/12/23--7:07:00,8:00,83,5701,74%,
2016/12/27--23:17:00,2016/12/28--7:22:00,8:05,81,4509,69%,
2016/12/30--23:25:00,2016/12/31--8:26:00,9:00,99,3868,92%,
2017/1/2--22:35:00,2017/1/3--5:10:00,6:34,81,5216,73%,
2017/1/3--5:11:00,2017/1/3--6:30:00,1:19,85,5216,17%,
2017/1/3--21:47:00,2017/1/4--5:57:00,8:09,79,3669,87%,
2017/1/4--22:40:00,2017/1/5--6:10:00,7:29,86,10856,87%,
2017/1/5--22:39:00,2017/1/6--6:42:00,8:02,97,7787,93%,
2017/1/6--23:14:00,2017/1/7--8:43:00,9:29,61,10344,90%,
2017/1/8--0:34:00,2017/1/8--7:56:00,7:22,100,3094,79%,
2017/1/8--22:07:00,2017/1/9--6:23:00,8:16,88,202,84%,
2017/1/9--22:42:00,2017/1/10--6:40:00,7:57,90,7122,65%,
2017/1/10--22:20:00,2017/1/11--6:14:00,7:54,94,1734,84%,
2017/1/11--22:14:00,2017/1/12--5:22:00,7:07,92,2562,73%,
2017/1/12--22:13:00,2017/1/13--5:31:00,7:17,68,8076,64%,
2017/1/13--23:27:00,2017/1/14--7:22:00,7:54,68,12802,89%,
2017/1/15--23:25:00,2017/1/16--6:58:00,7:32,90,12258,74%,
2017/1/16--21:58:00,2017/1/17--5:11:00,7:12,83,4540,71%,
2017/1/17--5:12:00,2017/1/17--7:20:00,2:08,92,4540,24%,
2017/1/17--22:23:00,2017/1/18--5:01:00,6:37,86,173,57%,
2017/1/18--22:22:00,2017/1/19--6:31:00,8:09,79,6368,76%,
2017/1/19--22:14:00,2017/1/20--6:30:00,8:15,69,1740,92%,
2017/1/20--23:07:00,2017/1/21--7:45:00,8:38,71,5056,78%,
2017/1/21--23:12:00,2017/1/22--7:42:00,8:29,98,4223,96%,
2017/1/22--22:03:00,2017/1/23--6:25:00,8:22,87,4336,64%,
2017/1/23--22:34:00,2017/1/24--6:09:00,7:35,92,4772,89%,
2017/1/24--22:55:00,2017/1/25--6:13:00,7:17,73,3492,84%,
2017/1/25--20:54:00,2017/1/26--5:09:00,8:15,93,6010,85%,
2017/1/26--22:12:00,2017/1/27--4:58:00,6:45,94,4200,54%,
2017/1/27--4:58:00,2017/1/27--6:40:00,1:42,69,4200,21%,
2017/1/27--23:22:00,2017/1/28--7:25:00,8:02,82,4573,91%,
2017/1/30--23:27:00,2017/1/31--6:01:00,6:34,88,3228,63%,
2017/1/31--22:44:00,2017/2/1--6:20:00,7:36,96,5379,78%,
2017/2/1--22:41:00,2017/2/2--6:10:00,7:29,81,7521,74%,
2017/2/2--22:19:00,2017/2/3--6:31:00,8:11,63,2309,85%,
2017/2/3--23:58:00,2017/2/4--7:08:00,7:09,85,2983,80%,
2017/2/4--23:45:00,2017/2/5--7:20:00,7:35,72,6833,68%,
2017/2/5--22:53:00,2017/2/6--6:30:00,7:36,62,7665,75%,
2017/2/6--22:30:00,2017/2/7--6:20:00,7:50,74,7552,71%,
2017/2/7--23:34:00,2017/2/8--6:30:00,6:55,70,5339,71%,
2017/2/8--23:46:00,2017/2/9--6:27:00,6:40,94,4076,68%,
2017/2/9--22:31:00,2017/2/10--5:00:00,6:28,89,12892,62%,
2017/2/10--5:00:00,2017/2/10--6:36:00,1:36,74,12892,21%,
2017/2/10--22:37:00,2017/2/11--7:07:00,8:30,75,3417,100%,
2017/2/12--21:49:00,2017/2/13--7:06:00,9:16,99,2756,63%,
2017/2/13--21:51:00,2017/2/14--5:02:00,7:10,65,6003,74%,
2017/2/14--5:02:00,2017/2/14--6:36:00,1:33,71,6003,12%,
2017/2/14--23:17:00,2017/2/15--6:13:00,6:55,98,3588,59%,
2017/2/15--22:36:00,2017/2/16--6:25:00,7:48,74,5558,44%,
2017/2/16--22:33:00,2017/2/17--6:31:00,7:58,68,3301,83%,
2017/2/17--23:49:00,2017/2/18--8:09:00,8:20,61,3027,93%,
2017/2/19--0:28:00,2017/2/19--8:16:00,7:48,88,3361,79%,
2017/2/19--22:12:00,2017/2/20--6:16:00,8:04,94,460,66%,
2017/2/20--22:43:00,2017/2/21--6:27:00,7:43,64,7419,76%,
2017/2/21--23:14:00,2017/2/22--6:26:00,7:11,97,5499,72%,
2017/2/22--21:30:00,2017/2/23--5:02:00,7:31,89,4258,83%,
2017/2/23--22:15:00,2017/2/24--5:34:00,7:19,82,5862,81%,
2017/2/24--5:34:00,2017/2/24--6:30:00,0:55,82,5862,12%,
2017/2/25--2:46:00,2017/2/25--9:52:00,7:06,71,6388,80%,
2017/2/26--0:40:00,2017/2/26--7:47:00,7:07,73,4275,77%,
2017/2/27--22:16:00,2017/2/28--5:50:00,7:34,66,2499,81%,
2017/2/28--21:39:00,2017/3/1--5:40:00,8:01,65,7351,87%,
2017/3/1--5:43:00,2017/3/1--6:40:00,0:57,66,7351,12%,
2017/3/1--22:23:00,2017/3/2--6:30:00,8:07,65,6109,85%,
2017/3/2--22:22:00,2017/3/3--6:18:00,7:55,70,6388,81%,
2017/3/5--0:12:00,2017/3/5--8:28:00,8:16,99,6785,96%,
2017/3/5--22:01:00,2017/3/6--6:08:00,8:07,78,171,93%,
2017/3/6--22:01:00,2017/3/7--6:22:00,8:21,69,4670,97%,
2017/3/7--22:13:00,2017/3/8--6:15:00,8:01,68,7000,90%,
2017/3/8--21:13:00,2017/3/9--6:18:00,9:05,78,3744,85%,
2017/3/9--21:48:00,2017/3/10--5:01:00,7:13,63,7028,71%,
2017/3/10--22:42:00,2017/3/11--6:57:00,8:14,60,2679,86%,
2017/3/12--22:39:00,2017/3/13--6:33:00,7:53,77,1572,80%,
2017/3/13--21:20:00,2017/3/14--5:02:00,7:42,89,6212,81%,
2017/3/14--21:06:00,2017/3/15--5:23:00,8:17,98,5933,89%,
2017/3/15--22:33:00,2017/3/16--6:17:00,7:44,98,9185,71%,
2017/3/16--22:33:00,2017/3/17--6:37:00,8:04,93,7887,95%,
2017/3/17--22:55:00,2017/3/18--8:02:00,9:07,68,10528,99%,
2017/3/18--22:26:00,2017/3/19--7:21:00,8:54,76,302,89%,
2017/3/20--0:02:00,2017/3/20--7:20:00,7:18,92,2750,79%,
2017/3/20--23:35:00,2017/3/21--7:16:00,7:41,67,3695,88%,
2017/3/21--23:20:00,2017/3/22--6:21:00,7:01,86,1913,79%,
2017/3/22--22:02:00,2017/3/23--5:15:00,7:12,70,7155,72%,
2017/3/23--22:20:00,2017/3/24--5:41:00,7:21,84,7810,76%,
2017/3/25--23:19:00,2017/3/26--7:16:00,7:56,86,3549,100%,
2017/3/26--22:03:00,2017/3/27--5:33:00,7:29,79,3554,83%,
2017/3/27--21:19:00,2017/3/28--5:42:00,8:22,97,7562,78%,
2017/3/28--22:29:00,2017/3/29--5:41:00,7:11,87,7823,78%,
2017/3/29--22:29:00,2017/3/30--6:04:00,7:34,81,7708,79%,
2017/3/30--22:42:00,2017/3/31--7:33:00,8:51,77,8615,93%,
2017/4/1--2:10:00,2017/4/1--8:37:00,6:27,82,9461,80%,
2017/4/1--21:22:00,2017/4/2--7:16:00,9:54,93,4595,95%,
2017/4/2--22:01:00,2017/4/3--6:20:00,8:19,60,2835,90%,
2017/4/3--21:58:00,2017/4/4--6:01:00,8:03,72,1898,92%,
2017/4/4--22:01:00,2017/4/5--6:11:00,8:09,83,8396,81%,
2017/4/5--23:45:00,2017/4/6--6:20:00,6:35,95,7948,73%,
2017/4/6--23:12:00,2017/4/7--6:20:00,7:07,79,14408,68%,
2017/4/8--0:00:00,2017/4/8--7:30:00,7:29,74,8646,75%,
2017/4/10--0:52:00,2017/4/10--6:32:00,5:40,77,771,65%,
2017/4/10--22:21:00,2017/4/11--5:41:00,7:19,80,11355,70%,
2017/4/11--6:03:00,2017/4/11--6:31:00,0:27,79,4533,6%,
2017/4/11--22:39:00,2017/4/12--5:55:00,7:16,69,4153,67%,
2017/4/12--21:42:00,2017/4/13--6:54:00,9:11,78,1318,74%,
2017/4/13--23:52:00,2017/4/14--8:05:00,8:12,69,889,83%,
2017/4/14--21:45:00,2017/4/15--7:52:00,10:07,67,4787,88%,
2017/4/15--23:23:00,2017/4/16--7:05:00,7:42,66,4581,73%,
2017/4/17--0:06:00,2017/4/17--7:51:00,7:44,83,1510,83%,
2017/4/17--22:12:00,2017/4/18--5:54:00,7:41,90,780,66%,
2017/4/18--22:43:00,2017/4/19--6:20:00,7:36,98,6284,59%,
2017/4/19--21:39:00,2017/4/20--5:30:00,7:51,80,8213,75%,
2017/4/20--22:15:00,2017/4/21--5:41:00,7:26,94,7905,75%,
2017/4/21--22:36:00,2017/4/22--7:46:00,9:09,60,8072,83%,
2017/4/23--0:53:00,2017/4/23--8:38:00,7:44,98,2666,86%,
2017/4/23--22:31:00,2017/4/24--6:31:00,7:59,87,3042,75%,
2017/4/24--23:07:00,2017/4/25--6:34:00,7:27,87,10319,72%,
2017/4/25--22:20:00,2017/4/26--6:20:00,8:00,93,8358,85%,
2017/4/26--22:25:00,2017/4/27--6:32:00,8:06,80,7337,68%,
2017/4/27--22:48:00,2017/4/28--6:40:00,7:51,92,6551,64%,
2017/4/28--23:39:00,2017/4/29--8:17:00,8:37,72,3357,90%,
2017/4/29--23:39:00,2017/4/30--7:23:00,7:43,72,2668,74%,
2017/4/30--22:28:00,2017/5/1--6:16:00,7:47,63,7491,72%,
2017/5/1--22:00:00,2017/5/2--6:17:00,8:16,67,11475,74%,
2017/5/2--21:47:00,2017/5/3--6:04:00,8:16,70,4810,77%,
2017/5/3--22:59:00,2017/5/4--6:20:00,7:21,67,6932,59%,
2017/5/4--22:37:00,2017/5/5--6:10:00,7:32,62,5954,73%,
2017/5/6--0:25:00,2017/5/6--7:45:00,7:20,70,11070,83%,
2017/5/7--21:51:00,2017/5/8--6:10:00,8:18,71,4310,81%,
2017/5/8--22:28:00,2017/5/9--6:11:00,7:43,89,8598,66%,
2017/5/9--23:33:00,2017/5/10--6:03:00,6:29,79,6073,64%,
2017/5/10--6:04:00,2017/5/10--7:45:00,1:40,92,4353,18%,
2017/5/10--22:43:00,2017/5/11--6:16:00,7:32,84,2854,82%,
2017/5/11--21:52:00,2017/5/12--6:40:00,8:47,79,4280,95%,
2017/5/13--0:42:00,2017/5/13--7:41:00,6:59,65,4068,73%,
2017/5/14--0:04:00,2017/5/14--8:11:00,8:06,85,3298,73%,
2017/5/14--21:57:00,2017/5/15--6:20:00,8:22,60,3958,77%,
2017/5/15--22:55:00,2017/5/16--6:30:00,7:34,85,7661,75%,
2017/5/16--22:41:00,2017/5/17--6:17:00,7:36,98,1865,73%,
2017/5/17--22:44:00,2017/5/18--6:40:00,7:56,70,6764,90%,
2017/5/18--23:17:00,2017/5/19--6:27:00,7:10,71,82,88%,
2017/5/20--1:04:00,2017/5/20--8:56:00,7:52,61,5606,73%,
2017/5/22--22:29:00,2017/5/23--7:35:00,9:06,87,8858,90%,
2017/5/24--0:14:00,2017/5/24--7:46:00,7:32,85,14276,70%,
2017/5/24--22:09:00,2017/5/25--6:37:00,8:28,76,3884,82%,
2017/5/25--22:19:00,2017/5/26--6:24:00,8:04,63,4565,73%,
2017/5/28--0:18:00,2017/5/28--8:01:00,7:43,67,3770,81%,
2017/5/28--22:37:00,2017/5/29--6:18:00,7:41,80,1450,75%,
2017/5/29--22:28:00,2017/5/30--6:11:00,7:42,100,7711,88%,
2017/5/30--21:59:00,2017/5/31--6:20:00,8:21,77,6430,75%,
2017/5/31--22:26:00,2017/6/1--5:45:00,7:19,60,6964,86%,
2017/6/1--22:59:00,2017/6/2--6:40:00,7:41,60,4562,80%,
2017/6/2--22:05:00,2017/6/3--6:11:00,8:05,62,1867,69%,
2017/6/3--21:56:00,2017/6/4--7:13:00,9:16,82,8205,72%,
2017/6/4--23:14:00,2017/6/5--6:21:00,7:06,88,6705,67%,
2017/6/5--22:30:00,2017/6/6--6:17:00,7:47,69,7820,74%,
2017/6/6--21:38:00,2017/6/7--5:53:00,8:14,72,5391,76%,
2017/6/7--22:54:00,2017/6/8--6:34:00,7:40,61,10542,41%,
2017/6/8--21:47:00,2017/6/9--6:17:00,8:30,83,255,70%,
2017/6/10--0:07:00,2017/6/10--7:55:00,7:47,100,10427,67%,
2017/6/11--22:18:00,2017/6/12--6:10:00,7:52,79,6507,78%,
2017/6/12--21:44:00,2017/6/13--6:17:00,8:32,63,10373,93%,
2017/6/13--22:18:00,2017/6/14--6:12:00,7:54,92,9204,74%,
2017/6/14--22:34:00,2017/6/15--6:13:00,7:38,64,5027,68%,
2017/6/15--22:19:00,2017/6/16--6:07:00,7:48,86,7106,76%,
2017/6/18--5:01:00,2017/6/18--7:34:00,2:33,80,12153,31%,
2017/6/18--7:35:00,2017/6/18--8:09:00,0:34,87,804,7%,
2017/6/18--22:22:00,2017/6/19--6:02:00,7:39,87,5251,66%,
2017/6/19--22:57:00,2017/6/20--6:24:00,7:26,95,6672,70%,
2017/6/20--22:31:00,2017/6/21--6:15:00,7:43,64,7007,77%,
2017/6/21--6:16:00,2017/6/21--7:03:00,0:47,62,17643,10%,
2017/6/21--22:32:00,2017/6/22--6:10:00,7:37,98,4898,72%,
2017/6/22--23:37:00,2017/6/23--6:38:00,7:00,61,7064,59%,
2017/6/23--23:26:00,2017/6/24--7:11:00,7:44,79,114,74%,
2017/6/25--22:08:00,2017/6/26--6:18:00,8:10,74,3403,83%,
2017/6/26--21:24:00,2017/6/27--6:15:00,8:51,97,6043,90%,
2017/6/27--21:52:00,2017/6/28--6:33:00,8:41,61,8946,86%,
2017/6/28--21:53:00,2017/6/29--6:21:00,8:28,82,7778,69%,
2017/6/29--22:32:00,2017/6/30--6:33:00,8:00,90,5510,77%,
2017/7/3--0:31:00,2017/7/3--7:44:00,7:12,78,17770,81%,
2017/7/3--22:37:00,2017/7/4--6:18:00,7:41,91,10604,73%,
2017/7/4--22:07:00,2017/7/5--5:55:00,7:48,70,7474,74%,
2017/7/5--21:48:00,2017/7/6--5:43:00,7:55,93,6430,66%,
2017/7/6--22:33:00,2017/7/7--6:31:00,7:57,77,11076,73%,
2017/7/9--22:36:00,2017/7/10--5:59:00,7:22,63,12647,70%,
2017/7/10--22:25:00,2017/7/11--6:01:00,7:35,68,4260,74%,
2017/7/11--21:39:00,2017/7/12--6:06:00,8:26,80,5504,65%,
2017/7/12--23:12:00,2017/7/13--6:25:00,7:13,82,6915,67%,
2017/7/13--22:30:00,2017/7/14--6:45:00,8:14,77,3919,81%,
2017/7/15--1:10:00,2017/7/15--7:54:00,6:43,63,5342,78%,
2017/7/16--2:12:00,2017/7/16--7:53:00,5:40,75,3739,69%,
2017/7/16--22:08:00,2017/7/17--6:25:00,8:17,78,5925,70%,
2017/7/17--22:51:00,2017/7/18--6:17:00,7:26,79,4840,71%,
2017/7/18--22:00:00,2017/7/19--6:39:00,8:39,91,5157,84%,
2017/7/19--21:45:00,2017/7/20--5:55:00,8:09,93,4336,87%,
2017/7/22--1:06:00,2017/7/22--7:54:00,6:48,66,135,68%,
2017/7/22--23:13:00,2017/7/23--7:10:00,7:57,77,5579,78%,
2017/7/23--21:57:00,2017/7/24--5:49:00,7:51,65,3901,84%,
2017/7/25--5:34:00,2017/7/25--5:55:00,0:21,78,6485,5%,
2017/7/25--22:04:00,2017/7/26--5:48:00,7:43,90,5451,87%,
2017/7/26--22:29:00,2017/7/27--6:05:00,7:35,62,2899,74%,
2017/7/27--21:53:00,2017/7/28--5:50:00,7:57,67,1552,51%,
2017/7/28--23:29:00,2017/7/29--6:22:00,6:53,84,5221,38%,
2017/7/29--22:00:00,2017/7/30--6:50:00,8:49,61,3834,72%,
2017/7/30--23:20:00,2017/7/31--6:33:00,7:12,94,1018,89%,
2017/7/31--22:39:00,2017/8/1--6:19:00,7:39,61,1837,82%,
2017/8/1--23:15:00,2017/8/2--6:10:00,6:54,77,893,77%,
2017/8/2--22:32:00,2017/8/3--6:06:00,7:33,99,5280,81%,
2017/8/3--23:14:00,2017/8/4--6:32:00,7:18,98,3584,80%,
2017/8/4--22:59:00,2017/8/5--7:31:00,8:31,70,1114,76%,
2017/8/5--23:37:00,2017/8/6--7:38:00,8:00,90,5152,81%,
2017/8/6--23:03:00,2017/8/7--8:12:00,9:08,69,3045,99%,
2017/8/7--23:14:00,2017/8/8--7:41:00,8:26,72,2429,73%,
2017/8/8--22:34:00,2017/8/9--6:05:00,7:31,94,7187,81%,
2017/8/9--23:22:00,2017/8/10--5:53:00,6:30,92,4488,59%,
2017/8/12--22:58:00,2017/8/13--6:40:00,7:42,69,5541,79%,
2017/8/13--22:46:00,2017/8/14--5:51:00,7:04,70,6246,58%,
2017/8/14--22:32:00,2017/8/15--5:51:00,7:18,62,7940,67%,
2017/8/15--21:56:00,2017/8/16--6:30:00,8:34,60,5029,83%,
2017/8/16--22:01:00,2017/8/17--5:29:00,7:27,82,9185,81%,
2017/8/17--20:36:00,2017/8/18--4:53:00,8:16,74,7581,35%,
2017/8/25--23:37:00,2017/8/26--6:38:00,7:00,91,10605,30%,
2017/8/27--22:15:00,2017/8/28--7:00:00,8:44,98,13476,94%,
2017/8/28--22:03:00,2017/8/29--7:20:00,9:17,86,3921,82%,
2017/8/30--23:01:00,2017/8/31--6:38:00,7:37,63,3332,74%,
2017/8/31--23:01:00,2017/9/1--7:16:00,8:15,63,3001,81%,
2017/9/1--22:33:00,2017/9/2--7:38:00,9:04,64,7268,89%,
2017/9/3--0:46:00,2017/9/3--8:08:00,7:21,67,4835,81%,
2017/9/3--23:07:00,2017/9/4--7:22:00,8:14,76,3230,84%,
2017/9/4--22:49:00,2017/9/5--6:07:00,7:17,91,1333,59%,
2017/9/5--22:38:00,2017/9/6--6:08:00,7:30,90,8922,81%,
2017/9/6--22:02:00,2017/9/7--6:02:00,7:59,86,5095,79%,
2017/9/7--22:26:00,2017/9/8--6:05:00,7:39,65,5470,77%,
2017/9/9--21:24:00,2017/9/10--6:13:00,8:48,89,2257,74%,
2017/9/11--22:39:00,2017/9/12--6:06:00,7:27,67,12094,56%,
2017/9/12--22:03:00,2017/9/13--6:08:00,8:04,60,6059,86%,
2017/9/13--23:43:00,2017/9/14--6:32:00,6:48,95,6075,55%,
2017/9/14--22:06:00,2017/9/15--6:05:00,7:59,69,4400,79%,
2017/9/16--0:18:00,2017/9/16--8:51:00,8:33,98,4880,91%,
2017/9/17--22:50:00,2017/9/18--6:32:00,7:41,72,7213,71%,
2017/9/18--22:19:00,2017/9/19--6:04:00,7:44,74,3640,69%,
2017/9/19--22:16:00,2017/9/20--6:04:00,7:47,65,5184,76%,
2017/9/20--22:04:00,2017/9/21--6:06:00,8:02,78,4443,65%,
2017/9/21--22:23:00,2017/9/22--6:07:00,7:44,60,5242,72%,
2017/9/24--21:44:00,2017/9/25--5:57:00,8:13,60,5142,80%,
2017/9/25--22:17:00,2017/9/26--6:19:00,8:01,68,5050,73%,
2017/9/26--23:01:00,2017/9/27--5:49:00,6:47,65,1706,66%,
2017/9/27--22:06:00,2017/9/28--6:08:00,8:02,86,10076,83%,
2017/9/28--23:36:00,2017/9/29--6:41:00,7:04,82,5320,75%,
2017/9/29--23:14:00,2017/9/30--8:00:00,8:46,76,2809,80%,
2017/10/1--0:03:00,2017/10/1--7:36:00,7:33,88,6235,79%,
2017/10/1--21:44:00,2017/10/2--6:05:00,8:21,72,2757,69%,
2017/10/2--22:55:00,2017/10/3--6:00:00,7:05,87,5551,76%,
2017/10/3--21:41:00,2017/10/4--6:25:00,8:44,61,3729,96%,
2017/10/4--22:44:00,2017/10/5--6:05:00,7:20,75,7101,75%,
2017/10/5--21:24:00,2017/10/6--4:37:00,7:13,97,4906,76%,
2017/10/6--22:56:00,2017/10/7--7:44:00,8:47,97,4507,55%,
2017/10/7--21:57:00,2017/10/8--8:05:00,10:07,70,1588,71%,
2017/10/9--22:27:00,2017/10/10--6:10:00,7:42,83,3951,79%,
2017/10/10--22:23:00,2017/10/11--6:00:00,7:36,77,5912,80%,
2017/10/11--22:32:00,2017/10/12--6:10:00,7:38,69,5314,71%,
2017/10/12--22:22:00,2017/10/13--6:37:00,8:14,66,3240,79%,
2017/10/13--23:03:00,2017/10/14--8:15:00,9:11,89,356,88%,
2017/10/14--22:58:00,2017/10/15--7:24:00,8:25,91,388,80%,
2017/10/15--22:47:00,2017/10/16--5:56:00,7:09,62,4287,69%,
2017/10/16--21:51:00,2017/10/17--6:01:00,8:09,97,7129,74%,
2017/10/17--21:41:00,2017/10/18--6:02:00,8:21,78,3342,78%,
2017/10/19--0:01:00,2017/10/19--6:02:00,6:00,92,4074,60%,
2017/10/19--21:13:00,2017/10/20--6:14:00,9:00,81,907,100%,
2017/10/21--0:05:00,2017/10/21--7:57:00,7:51,71,5899,89%,
2017/10/22--0:25:00,2017/10/22--7:45:00,7:20,79,71,79%,
2017/10/22--21:50:00,2017/10/23--6:00:00,8:10,70,5210,82%,
2017/10/23--22:18:00,2017/10/24--6:01:00,7:42,93,6636,65%,
2017/10/24--22:15:00,2017/10/25--6:06:00,7:51,86,5355,83%,
2017/10/25--21:55:00,2017/10/26--6:00:00,8:05,69,4119,65%,
2017/10/27--1:50:00,2017/10/27--6:51:00,5:01,97,5364,59%,
2017/10/28--22:51:00,2017/10/29--7:51:00,9:00,89,1097,91%,
2017/10/29--22:26:00,2017/10/30--6:00:00,7:34,97,1430,78%,
2017/10/30--22:52:00,2017/10/31--5:43:00,6:51,97,7603,62%,
2017/10/31--23:29:00,2017/11/1--5:02:00,5:33,93,9304,49%,
2017/11/2--21:25:00,2017/11/3--6:21:00,8:56,81,5051,74%,
2017/11/3--23:23:00,2017/11/4--7:26:00,8:02,100,787,89%,
2017/11/5--22:30:00,2017/11/6--6:05:00,7:35,61,5504,70%,
2017/11/6--22:08:00,2017/11/7--5:58:00,7:49,99,3709,75%,
2017/11/7--21:01:00,2017/11/8--5:45:00,8:43,95,144,90%,
2017/11/8--23:11:00,2017/11/9--6:30:00,7:18,80,6094,76%,
2017/11/9--22:04:00,2017/11/10--7:15:00,9:11,66,847,96%,
2017/11/10--23:29:00,2017/11/11--7:21:00,7:51,97,5919,83%,
2017/11/11--23:06:00,2017/11/12--7:18:00,8:11,85,1751,84%,
2017/11/12--23:39:00,2017/11/13--8:30:00,8:50,60,3789,79%,
2017/11/14--21:16:00,2017/11/15--6:50:00,9:34,94,52,93%,
2017/11/15--21:23:00,2017/11/16--6:51:00,9:27,99,27,85%,
2017/11/16--22:33:00,2017/11/17--6:07:00,7:34,86,430,80%,
2017/11/17--23:08:00,2017/11/18--7:20:00,8:11,67,3281,91%,
2017/11/19--21:58:00,2017/11/20--6:02:00,8:04,76,4153,82%,
2017/11/20--22:26:00,2017/11/21--6:00:00,7:33,72,6494,86%,
2017/11/21--22:26:00,2017/11/22--5:57:00,7:31,79,9426,68%,
2017/11/22--22:34:00,2017/11/23--6:01:00,7:26,79,7565,80%,
2017/11/23--22:56:00,2017/11/24--6:30:00,7:33,82,5735,80%,
2017/11/25--23:14:00,2017/11/26--8:19:00,9:05,62,5116,100%,
2017/11/26--22:10:00,2017/11/27--6:05:00,7:55,66,27,63%,
2017/11/27--22:36:00,2017/11/28--5:58:00,7:22,72,6546,73%,
2017/11/28--22:54:00,2017/11/29--6:09:00,7:14,68,6417,80%,
2017/11/29--22:33:00,2017/11/30--6:26:00,7:52,90,5474,83%,
2017/11/30--20:54:00,2017/12/1--5:55:00,9:01,92,4574,77%,
2017/12/3--23:10:00,2017/12/4--6:15:00,7:05,93,3400,63%,
2017/12/4--21:20:00,2017/12/5--5:50:00,8:29,75,6015,70%,
2017/12/5--22:56:00,2017/12/6--6:15:00,7:19,62,3179,68%,
2017/12/6--21:56:00,2017/12/7--5:50:00,7:53,69,6346,63%,
2017/12/7--22:04:00,2017/12/8--6:31:00,8:27,66,218,82%,
2017/12/9--23:39:00,2017/12/10--8:15:00,8:35,87,15346,95%,
2017/12/10--22:16:00,2017/12/11--6:06:00,7:49,60,96,70%,
2017/12/11--21:47:00,2017/12/12--5:57:00,8:09,75,7339,68%,
2017/12/12--22:09:00,2017/12/13--5:55:00,7:45,84,6970,72%,
2017/12/14--22:47:00,2017/12/15--5:51:00,7:04,75,1566,60%,
2017/12/17--21:35:00,2017/12/18--6:08:00,8:33,69,5184,80%,
2017/12/18--21:39:00,2017/12/19--6:05:00,8:26,89,75,79%,
2017/12/19--22:05:00,2017/12/20--6:25:00,8:20,92,3088,79%,
2017/12/20--21:30:00,2017/12/21--5:52:00,8:22,63,4553,59%,
2017/12/21--22:10:00,2017/12/22--6:55:00,8:44,93,1306,75%,
2017/12/26--21:19:00,2017/12/27--7:55:00,10:35,89,373,97%,
2017/12/29--0:06:00,2017/12/29--7:57:00,7:50,85,5168,75%,
2017/12/29--22:00:00,2017/12/30--8:08:00,10:08,67,61,75%,
2018/1/1--21:30:00,2018/1/2--5:56:00,8:25,78,2544,81%,
2018/1/2--22:31:00,2018/1/3--5:48:00,7:17,72,475,76%,
2018/1/3--20:28:00,2018/1/4--3:40:00,0:00,97,47,0%,
2018/1/4--22:19:00,2018/1/5--7:25:00,9:05,80,5064,91%,
2018/1/6--23:13:00,2018/1/7--8:00:00,8:46,64,2101,86%,
2018/1/7--22:09:00,2018/1/8--6:10:00,8:01,93,1334,83%,
2018/1/8--22:53:00,2018/1/9--5:45:00,6:51,66,2262,77%,
2018/1/9--22:22:00,2018/1/10--6:23:00,8:01,95,4529,90%,
2018/1/10--21:31:00,2018/1/11--5:10:00,7:38,67,6224,71%,
2018/1/11--21:54:00,2018/1/12--5:01:00,7:06,83,47,70%,
2018/1/12--21:50:00,2018/1/13--7:38:00,9:48,99,6296,70%,
2018/1/13--22:07:00,2018/1/14--7:09:00,9:02,76,2405,64%,
2018/1/14--22:02:00,2018/1/15--5:50:00,7:48,87,9237,73%,
2018/1/15--22:45:00,2018/1/16--6:00:00,7:15,77,2818,79%,
2018/1/16--22:09:00,2018/1/17--6:01:00,7:51,69,5752,71%,
2018/1/17--22:45:00,2018/1/18--6:12:00,7:27,70,6631,84%,
2018/1/18--22:46:00,2018/1/19--6:48:00,8:02,76,9516,59%,
2018/1/19--22:21:00,2018/1/20--8:22:00,10:01,76,4454,71%,
2018/1/20--23:44:00,2018/1/21--7:01:00,7:17,91,7253,67%,
2018/1/21--22:04:00,2018/1/22--6:01:00,7:56,70,22,84%,
2018/1/22--23:15:00,2018/1/23--6:00:00,6:44,79,2334,66%,
2018/1/23--21:41:00,2018/1/24--6:00:00,8:18,88,2867,73%,
2018/1/24--20:58:00,2018/1/25--6:02:00,9:03,81,4881,84%,
2018/1/25--23:17:00,2018/1/26--6:00:00,6:43,96,2149,72%,
2018/1/26--22:13:00,2018/1/27--7:20:00,9:07,65,1720,92%,
2018/1/28--1:21:00,2018/1/28--8:49:00,7:27,92,6518,81%,
2018/1/28--21:30:00,2018/1/29--5:00:00,7:29,93,29,69%,
2018/1/29--21:37:00,2018/1/30--6:01:00,8:23,65,107,79%,
2018/1/30--22:18:00,2018/1/31--6:03:00,7:44,67,5277,77%,
2018/1/31--22:29:00,2018/2/1--6:02:00,7:32,92,1325,72%,
2018/2/1--21:25:00,2018/2/2--6:45:00,9:20,79,3319,80%,
2018/2/3--2:20:00,2018/2/3--7:44:00,5:23,63,4810,65%,
2018/2/3--8:32:00,2018/2/3--9:08:00,0:36,63,166,8%,
2018/2/3--22:29:00,2018/2/4--7:37:00,9:08,62,362,96%,
2018/2/4--23:09:00,2018/2/5--6:01:00,6:52,68,2528,72%,
2018/2/5--22:02:00,2018/2/6--6:00:00,7:58,66,7982,78%,
2018/2/6--21:44:00,2018/2/7--6:12:00,8:28,84,5039,82%,
2018/2/7--23:18:00,2018/2/8--6:48:00,7:29,79,2435,73%,
2018/2/8--22:41:00,2018/2/9--6:00:00,7:18,82,68,93%,
2018/2/9--23:07:00,2018/2/10--7:26:00,8:18,67,5598,76%,
2018/2/11--22:44:00,2018/2/12--7:08:00,8:24,78,1901,91%,
2018/2/12--21:54:00,2018/2/13--7:02:00,9:08,79,56,91%,
2018/2/13--23:49:00,2018/2/14--7:00:00,7:11,76,64,81%,
2018/2/14--21:24:00,2018/2/15--6:20:00,8:56,88,3316,71%,
2018/2/15--21:36:00,2018/2/16--6:50:00,9:13,93,6555,80%,
2018/2/16--22:52:00,2018/2/17--7:48:00,8:55,67,2291,91%,
